"Cloud cccount","dummy"
"User","dummy@email.com"
"Subscription ID","123456"

Product,Start date (UTC),End date (UTC),Net unit price currency,Net unit price,Max quantity,Metric
"B87494 - Oracle Content and Experience Cloud Service - Standard - Classic - Active User Per Hour","Dec 29, 2021","Dec 28, 2022","GBP",0.0014, ,"ACTIVE USER PER HOUR"
"B87496 - Oracle Content and Experience Cloud Service - Enterprise - Classic - Active User Per Hour","Dec 29, 2021","Dec 28, 2022","GBP",0.0043, ,"ACTIVE USER PER HOUR"
"B87498 - Oracle Content and Experience Cloud Service - Visitor - Classic - Active User Per Hour","Dec 29, 2021","Dec 28, 2022","GBP",0.0001, ,"ACTIVE USER PER HOUR"
"B87529 - Oracle API Platform Cloud Service - Classic - Gateway Per Hour","Dec 29, 2021","Dec 28, 2022","GBP",0.0192, ,"GATEWAY PER HOUR"
"B87714 - Oracle Data Integration Platform Cloud Service - Standard - Classic - OCPU Per Hour","Dec 29, 2021","Dec 28, 2022","GBP",0.0259, ,"OCPU PER HOUR"
"B87715 - Oracle Data Integration Platform Cloud Service - Enterprise - Classic - OCPU Per Hour","Dec 29, 2021","Dec 28, 2022","GBP",0.0383, ,"OCPU PER HOUR"
"B87716 - Oracle Data Integration Platform Cloud Service - Governance - Classic - OCPU Per Hour","Dec 29, 2021","Dec 28, 2022","GBP",0.0642, ,"OCPU PER HOUR"
"B87818 - Oracle Cloud Infrastructure - FastConnect Classic - Port Speed 1Gbps - Port Hour","Dec 29, 2021","Dec 28, 2022","GBP",0.0379, ,"PORT HOUR"
"B87820 - Oracle Cloud Infrastructure - FastConnect Classic - Port Speed 10Gbps - Port Hour","Dec 29, 2021","Dec 28, 2022","GBP",0.2273, ,"PORT HOUR"
"B87954 - Oracle Event Hub Cloud Service - Partition Capacity - Partition Hour","Dec 29, 2021","Dec 28, 2022","GBP",0.0001, ,"PARTITION HOUR"
"B88158 - Oracle Integration Cloud Service - Standard - Classic - OCPU Per Hour","Dec 29, 2021","Dec 28, 2022","GBP",0.0230, ,"OCPU PER HOUR"
"B88159 - Oracle Integration Cloud Service - Enterprise - Classic - OCPU Per Hour","Dec 29, 2021","Dec 28, 2022","GBP",0.0450, ,"OCPU PER HOUR"
"B88160 - Oracle SOA Suite Cloud Service - B2B Adapter for EDI - OCPU per Hour","Dec 29, 2021","Dec 28, 2022","GBP",0.0069, ,"OCPU PER HOUR"
"B88161 - Oracle CASB for SaaS - Enterprise User - Monitored Service User Per Hour","Dec 29, 2021","Dec 28, 2022","GBP",0.0000, ,"MONITORED SERVICE USER PH"
"B88162 - Oracle CASB for SaaS - Non-Enterprise User - Monitored Service User Per Hour","Dec 29, 2021","Dec 28, 2022","GBP",0.0000, ,"MONITORED SERVICE USER PH"
"B88163 - Oracle CASB for IaaS - Monitored Account Per Hour","Dec 29, 2021","Dec 28, 2022","GBP",0.0194, ,"MONITORED ACC PER HOUR"
"B88164 - Oracle CASB for IaaS - Additional Capacity - Gigabyte Data Capacity Per Hour","Dec 29, 2021","Dec 28, 2022","GBP",0.0041, ,"GB DATA CAPACITY PER HOUR"
"B88165 - Oracle CASB for Custom Apps - Monitored App Per Hour","Dec 29, 2021","Dec 28, 2022","GBP",0.0256, ,"MONITORED APP PER HOUR"
"B88166 - Oracle Identity Cloud - Basic - Active User Per Hour","Dec 29, 2021","Dec 28, 2022","GBP",0.0001, ,"ACTIVE USER PER HOUR"
"B88167 - Oracle Identity Cloud - Standard - Active User Per Hour","Dec 29, 2021","Dec 28, 2022","GBP",0.0006, ,"ACTIVE USER PER HOUR"
"B88168 - Oracle Identity Cloud - Standard - Consumer User - Active User Per Hour","Dec 29, 2021","Dec 28, 2022","GBP",0.0001, ,"ACTIVE USER PER HOUR"
"B88181 - Oracle Data Visualization Cloud Service - User Per Month","Dec 29, 2021","Dec 28, 2022","GBP",0.4991, ,"USER PER MONTH"
"B88268 - Oracle Cloud Infrastructure - Compute Classic - GPU Standard - GPU Per Hour","Dec 29, 2021","Dec 28, 2022","GBP",0.0985, ,"GPU PER HOUR"
"B88269 - Oracle Cloud Infrastructure - Compute Classic - Compute Capacity - OCPU Per Hour","Dec 29, 2021","Dec 28, 2022","GBP",0.0152, ,"OCPU PER HOUR"
"B88270 - Oracle Cloud Infrastructure - Compute Classic - High I/O Compute Capacity - OCPU Per Hour","Dec 29, 2021","Dec 28, 2022","GBP",0.0227, ,"OCPU PER HOUR"
"B88272 - Oracle Cloud Infrastructure - Compute Classic - Unassociated Static IP - Static IP Per Hour","Dec 29, 2021","Dec 28, 2022","GBP",0.0008, ,"STATIC IP PER HOUR"
"B88274 - Oracle Cloud Infrastructure - Block Storage Classic - Gigabyte Storage Capacity per Month","Dec 29, 2021","Dec 28, 2022","GBP",0.0076, ,"GB STORAGE CAP PER MO"
"B88275 - Oracle Cloud Infrastructure - Block Storage Classic - High I/O - Gigabyte Storage Capacity Per Month","Dec 29, 2021","Dec 28, 2022","GBP",0.0152, ,"GB STORAGE CAP PER MO"
"B88277 - Oracle Cloud Infrastructure - Archive Storage Classic - Gigabyte Storage Capacity Per Month","Dec 29, 2021","Dec 28, 2022","GBP",0.0005, ,"GB STORAGE CAP PER MO"
"B88283 - Oracle Cloud Infrastructure - Object Storage Classic - GET and all other Requests - 10000 Requests Per Month","Dec 29, 2021","Dec 28, 2022","GBP",0.0006, ,"10000 REQUESTS PER MONTH"
"B88284 - Oracle Cloud Infrastructure - Object Storage Classic - PUT, COPY, POST or LIST Requests - 1000 Requests Per Month","Dec 29, 2021","Dec 28, 2022","GBP",0.0008, ,"1000 REQUESTS PER MONTH"
"B88287 - Oracle Java Cloud Service - Enterprise - OCPU Per Hour","Dec 29, 2021","Dec 28, 2022","GBP",0.0044, ,"OCPU PER HOUR"
"B88288 - Oracle Java Cloud Service - Standard - OCPU Per Hour","Dec 29, 2021","Dec 28, 2022","GBP",0.0044, ,"OCPU PER HOUR"
"B88289 - Oracle Java Cloud Service - High Performance - OCPU Per Hour","Dec 29, 2021","Dec 28, 2022","GBP",0.0110, ,"OCPU PER HOUR"
"B88290 - Oracle Database Cloud Service - Enterprise Edition - General Purpose - OCPU Per Hour","Dec 29, 2021","Dec 28, 2022","GBP",0.0061, ,"OCPU PER HOUR"
"B88291 - Oracle Database Cloud Service - Enterprise Edition Extreme Performance - General Purpose - OCPU Per Hour","Dec 29, 2021","Dec 28, 2022","GBP",0.0192, ,"OCPU PER HOUR"
"B88292 - Oracle Database Cloud Service - Enterprise Edition High Performance - General Purpose - OCPU Per Hour","Dec 29, 2021","Dec 28, 2022","GBP",0.0127, ,"OCPU PER HOUR"
"B88293 - Oracle Database Cloud Service - Standard Edition - General Purpose - OCPU Per Hour","Dec 29, 2021","Dec 28, 2022","GBP",0.0031, ,"OCPU PER HOUR"
"B88295 - Oracle Database Backup Service - GET and all other Requests - 10000 Requests Per Month","Dec 29, 2021","Dec 28, 2022","GBP",0.0000, ,"10000 REQUESTS PER MONTH"
"B88296 - Oracle Database Backup Service - PUT, COPY, POST or LIST Requests - 1000 Requests Per Month","Dec 29, 2021","Dec 28, 2022","GBP",0.0001, ,"1000 REQUESTS PER MONTH"
"B88298 - Oracle WebCenter Portal Cloud Service - OCPU Per Hour","Dec 29, 2021","Dec 28, 2022","GBP",0.0110, ,"OCPU PER HOUR"
"B88299 - Oracle Data Integrator Cloud Service - OCPU Per Hour","Dec 29, 2021","Dec 28, 2022","GBP",0.0110, ,"OCPU PER HOUR"
"B88303 - Oracle Analytics Cloud - Enterprise - Classic - OCPU Per Hour","Dec 29, 2021","Dec 28, 2022","GBP",0.0575, ,"OCPU PER HOUR"
"B88304 - Oracle Analytics Cloud - Standard - Classic - OCPU Per Hour","Dec 29, 2021","Dec 28, 2022","GBP",0.0192, ,"OCPU PER HOUR"
"B88305 - Oracle Application Container Cloud Service - Gigabyte Memory Per Hour","Dec 29, 2021","Dec 28, 2022","GBP",0.0005, ,"GIGABYTE MEMORY PER HOUR"
"B88306 - Oracle Big Data Cloud Service - Compute Edition - High Performance Storage Capacity - Gigabyte Storage Capacity Per Month","Dec 29, 2021","Dec 28, 2022","GBP",0.0011, ,"GB STORAGE CAP PER MO"
"B88307 - Oracle Big Data Cloud Enterprise - Compute Capacity - OCPU Per Hour","Dec 29, 2021","Dec 28, 2022","GBP",0.0018, ,"OCPU PER HOUR"
"B88308 - Oracle Big Data Cloud Service - Compute Edition - Storage Capacity - Gigabyte Storage Capacity Per Month","Dec 29, 2021","Dec 28, 2022","GBP",0.0005, ,"GB STORAGE CAP PER MO"
"B88309 - Oracle Event Hub Cloud Service Dedicated - Compute Capacity - OCPU Per Hour","Dec 29, 2021","Dec 28, 2022","GBP",0.0026, ,"OCPU PER HOUR"
"B88310 - Oracle GoldenGate Cloud Service - Enterprise - OCPU Per Hour","Dec 29, 2021","Dec 28, 2022","GBP",0.0110, ,"OCPU PER HOUR"
"B88312 - Oracle Internet of Things Cloud - Enterprise - OCPU Per Hour","Dec 29, 2021","Dec 28, 2022","GBP",0.0321, ,"OCPU PER HOUR"
"B88313 - Oracle Cloud Infrastructure - Compute - Bare Metal Dense I/O - X5 - OCPU Per Hour","Dec 29, 2021","Dec 28, 2022","GBP",0.0227, ,"OCPU PER HOUR"
"B88315 - Oracle Cloud Infrastructure - Compute - Bare Metal Standard - X5 - OCPU Per Hour","Dec 29, 2021","Dec 28, 2022","GBP",0.0114, ,"OCPU PER HOUR"
"B88316 - Oracle Cloud Infrastructure - Compute - Virtual Machine Dense I/O - X5 - OCPU Per Hour","Dec 29, 2021","Dec 28, 2022","GBP",0.0227, ,"OCPU PER HOUR"
"B88317 - Oracle Cloud Infrastructure - Compute - Virtual Machine Standard - X5 - OCPU Per Hour","Dec 29, 2021","Dec 28, 2022","GBP",0.0114, ,"OCPU PER HOUR"
"B88318 - Oracle Cloud Infrastructure - Compute - Windows OS - OCPU Per Hour","Dec 29, 2021","Dec 28, 2022","GBP",0.0656, ,"OCPU PER HOUR"
"B88319 - Oracle Cloud Infrastructure - 100 Mbps Load Balancer - Load Balancer Hour","Dec 29, 2021","Dec 28, 2022","GBP",0.0038, ,"LOAD BALANCER HOUR"
"B88320 - Oracle Cloud Infrastructure - 400 Mbps Load Balancer - Load Balancer Hour","Dec 29, 2021","Dec 28, 2022","GBP",0.0152, ,"LOAD BALANCER HOUR"
"B88321 - Oracle Cloud Infrastructure - 8000 Mbps Load Balancer - Load Balancer Hour","Dec 29, 2021","Dec 28, 2022","GBP",0.3030, ,"LOAD BALANCER HOUR"
"B88322 - Oracle Cloud Infrastructure - Block Volume - Gigabyte Storage Capacity per Month","Dec 29, 2021","Dec 28, 2022","GBP",0.0076, ,"GB STORAGE CAP PER MO"
"B88323 - Oracle Cloud Infrastructure - Object Storage - Requests - 10,000 Requests per Month","Dec 29, 2021","Dec 28, 2022","GBP",0.0006, ,"10000 REQUESTS PER MONTH"
"B88324 - Oracle Cloud Infrastructure - Object Storage - Storage - Gigabyte Storage Capacity per Month","Dec 29, 2021","Dec 28, 2022","GBP",0.0045, ,"GB STORAGE CAP PER MO"
"B88325 - Oracle Cloud Infrastructure - FastConnect 1 Gbps - Port Hour","Dec 29, 2021","Dec 28, 2022","GBP",0.0379, ,"PORT HOUR"
"B88326 - Oracle Cloud Infrastructure - FastConnect 10 Gbps - Port Hour","Dec 29, 2021","Dec 28, 2022","GBP",0.2273, ,"PORT HOUR"
"B88328 - Oracle Cloud Infrastructure - Database Enterprise Edition - Additional Capacity - OCPU Per Hour","Dec 29, 2021","Dec 28, 2022","GBP",0.0061, ,"OCPU PER HOUR"
"B88329 - Oracle Cloud Infrastructure - Database Enterprise Edition High Performance - Additional Capacity - OCPU Per Hour","Dec 29, 2021","Dec 28, 2022","GBP",0.0127, ,"OCPU PER HOUR"
"B88330 - Oracle Cloud Infrastructure - Database Enterprise Edition Extreme Performance - Additional Capacity - OCPU Per Hour","Dec 29, 2021","Dec 28, 2022","GBP",0.0192, ,"OCPU PER HOUR"
"B88331 - Oracle Cloud Infrastructure - Database Standard Edition - Additional Capacity - OCPU Per Hour","Dec 29, 2021","Dec 28, 2022","GBP",0.0031, ,"OCPU PER HOUR"
"B88332 - Oracle Cloud Infrastructure - Database Enterprise Edition - Dense I/O - Hosted Environment Per Hour","Dec 29, 2021","Dec 28, 2022","GBP",0.0671, ,"HSTD ENVIRONMENT PER HOUR"
"B88333 - Oracle Cloud Infrastructure - Database Enterprise Edition Extreme Performance - Dense I/O - Hosted Environment Per Hour","Dec 29, 2021","Dec 28, 2022","GBP",0.0997, ,"HSTD ENVIRONMENT PER HOUR"
"B88334 - Oracle Cloud Infrastructure - Database Enterprise Edition High Performance - Dense I/O - Hosted Environment Per Hour","Dec 29, 2021","Dec 28, 2022","GBP",0.0834, ,"HSTD ENVIRONMENT PER HOUR"
"B88335 - Oracle Cloud Infrastructure - Database Standard Edition - Dense I/O - Hosted Environment Per Hour","Dec 29, 2021","Dec 28, 2022","GBP",0.0594, ,"HSTD ENVIRONMENT PER HOUR"
"B88362 - Oracle Mobile Cloud Service - Enterprise - Classic - Request Per Hour","Dec 29, 2021","Dec 28, 2022","GBP",0.0000, ,"REQUEST PER HOUR"
"B88370 - Oracle Cloud Infrastructure - Load Balancer Classic - Load Balancer Hour","Dec 29, 2021","Dec 28, 2022","GBP",0.0038, ,"LOAD BALANCER HOUR"
"B88371 - Oracle Cloud Infrastructure - Load Balancer Classic - Data Processed - GB of Data Processed","Dec 29, 2021","Dec 28, 2022","GBP",0.0012, ,"GB OF DATA PROCESSED"
"B88398 - Oracle GoldenGate Cloud Service - Enterprise - BYOL - OCPU Per Hour","Dec 29, 2021","Dec 28, 2022","GBP",0.0028, ,"OCPU PER HOUR"
"B88399 - Oracle Java Cloud Service - Enterprise - BYOL - OCPU Per Hour","Dec 29, 2021","Dec 28, 2022","GBP",0.0028, ,"OCPU PER HOUR"
"B88400 - Oracle Java Cloud Service - High Performance - BYOL - OCPU Per Hour","Dec 29, 2021","Dec 28, 2022","GBP",0.0028, ,"OCPU PER HOUR"
"B88402 - Oracle Database Cloud Service - Enterprise Edition Extreme Performance RAC - BYOL - OCPU Per Hour","Dec 29, 2021","Dec 28, 2022","GBP",0.0028, ,"OCPU PER HOUR"
"B88403 - Oracle Database Exadata Cloud Service - Full Rack - X6 - BYOL - Hosted Environment Per Hour","Dec 29, 2021","Dec 28, 2022","GBP",1.9381, ,"HSTD ENVIRONMENT PER HOUR"
"B88404 - Oracle Database Cloud Service - All Editions - BYOL - OCPU Per Hour","Dec 29, 2021","Dec 28, 2022","GBP",0.0028, ,"OCPU PER HOUR"
"B88405 - Oracle WebCenter Portal Cloud Service - BYOL - OCPU Per Hour","Dec 29, 2021","Dec 28, 2022","GBP",0.0028, ,"OCPU PER HOUR"
"B88406 - Oracle Data Integrator Cloud Service - BYOL - OCPU Per Hour","Dec 29, 2021","Dec 28, 2022","GBP",0.0028, ,"OCPU PER HOUR"
"B88407 - Oracle SOA Suite Cloud Service - BYOL - OCPU Per Hour","Dec 29, 2021","Dec 28, 2022","GBP",0.0028, ,"OCPU PER HOUR"
"B88408 - Oracle Database Exadata Express Cloud Service - X20 - Hosted Environment Per Hour","Dec 29, 2021","Dec 28, 2022","GBP",0.0027, ,"HSTD ENVIRONMENT PER HOUR"
"B88409 - Oracle Database Exadata Express Cloud Service - X250 - Hosted Environment Per Hour","Dec 29, 2021","Dec 28, 2022","GBP",0.0061, ,"HSTD ENVIRONMENT PER HOUR"
"B88410 - Oracle Database Exadata Express Cloud Service - X500 - Hosted Environment Per Hour","Dec 29, 2021","Dec 28, 2022","GBP",0.0123, ,"HSTD ENVIRONMENT PER HOUR"
"B88411 - Oracle Database Exadata Express Cloud Service - X1000 - Hosted Environment Per Hour","Dec 29, 2021","Dec 28, 2022","GBP",0.0245, ,"HSTD ENVIRONMENT PER HOUR"
"B88412 - Oracle Database Exadata Express Cloud Service - X1000IM - Hosted Environment Per Hour","Dec 29, 2021","Dec 28, 2022","GBP",0.0613, ,"HSTD ENVIRONMENT PER HOUR"
"B88434 - Oracle Analytics Cloud - Essbase - Classic - OCPU Per Hour","Dec 29, 2021","Dec 28, 2022","GBP",0.0383, ,"OCPU PER HOUR"
"B88435 - Oracle Visual Builder Cloud Service - Classic - OCPU Per Hour","Dec 29, 2021","Dec 28, 2022","GBP",0.0173, ,"OCPU PER HOUR"
"B88458 - Oracle Data Hub Cloud Service - OCPU Per Hour","Dec 29, 2021","Dec 28, 2022","GBP",0.0016, ,"OCPU PER HOUR"
"B88459 - Oracle Self-Service Integration Cloud Service - Recipe Jobs Per Hour","Dec 29, 2021","Dec 28, 2022","GBP",0.0001, ,"RECIPE JOBS PER HOUR"
"B88460 - Oracle SOA Suite Cloud Service - OCPU Per Hour","Dec 29, 2021","Dec 28, 2022","GBP",0.0110, ,"OCPU PER HOUR"
"B88461 - Oracle Messaging Cloud Service - 1,000,000 API Calls per Month","Dec 29, 2021","Dec 28, 2022","GBP",0.0029, ,"1M API CALLS PER MONTH"
"B88513 - Oracle Cloud Infrastructure - Compute - Bare Metal Standard - X7 - OCPU Per Hour","Dec 29, 2021","Dec 28, 2022","GBP",0.0114, ,"OCPU PER HOUR"
"B88514 - Oracle Cloud Infrastructure - Compute - Virtual Machine Standard - X7 - OCPU Per Hour","Dec 29, 2021","Dec 28, 2022","GBP",0.0114, ,"OCPU PER HOUR"
"B88515 - Oracle Cloud Infrastructure - Compute - Bare Metal Dense I/O - X7 - OCPU Per Hour","Dec 29, 2021","Dec 28, 2022","GBP",0.0227, ,"OCPU PER HOUR"
"B88516 - Oracle Cloud Infrastructure - Compute - Virtual Machine Dense I/O - X7 - OCPU Per Hour","Dec 29, 2021","Dec 28, 2022","GBP",0.0227, ,"OCPU PER HOUR"
"B88517 - Oracle Cloud Infrastructure - Compute - Bare Metal GPU Standard - X7 - GPU Per Hour","Dec 29, 2021","Dec 28, 2022","GBP",0.2273, ,"GPU PER HOUR"
"B88518 - Oracle Cloud Infrastructure - Compute - Virtual Machine GPU Standard - X7 - GPU Per Hour","Dec 29, 2021","Dec 28, 2022","GBP",0.2273, ,"GPU PER HOUR"
"B88522 - Oracle Cloud Infrastructure - Archive Storage - Gigabyte Storage Capacity Per Month","Dec 29, 2021","Dec 28, 2022","GBP",0.0005, ,"GB STORAGE CAP PER MO"
"B88523 - Oracle Cloud Infrastructure - Email Delivery - 1,000 Emails Sent","Dec 29, 2021","Dec 28, 2022","GBP",0.0152, ,"1000 EMAILS SENT"
"B88525 - Oracle Cloud Infrastructure - DNS - 1,000,000 Queries","Dec 29, 2021","Dec 28, 2022","GBP",0.1515, ,"1000000 QUERIES"
"B88592 - Oracle Cloud Infrastructure - Database Exadata OCPU - OCPU Per Hour","Dec 29, 2021","Dec 28, 2022","GBP",0.0192, ,"OCPU PER HOUR"
"B88593 - Oracle Cloud Infrastructure - Database Exadata Quarter Rack - X6 - Hosted Environment Per Hour","Dec 29, 2021","Dec 28, 2022","GBP",0.7283, ,"HSTD ENVIRONMENT PER HOUR"
"B88594 - Oracle Cloud Infrastructure - Database Exadata Half Rack - X6 - Hosted Environment Per Hour","Dec 29, 2021","Dec 28, 2022","GBP",1.4567, ,"HSTD ENVIRONMENT PER HOUR"
"B88595 - Oracle Cloud Infrastructure - Database Exadata Full Rack - X6 - Hosted Environment Per Hour","Dec 29, 2021","Dec 28, 2022","GBP",2.9133, ,"HSTD ENVIRONMENT PER HOUR"
"B88596 - Oracle Database Exadata Cloud Service - Quarter Rack - X5 - Hosted Environment Per Hour","Dec 29, 2021","Dec 28, 2022","GBP",0.6708, ,"HSTD ENVIRONMENT PER HOUR"
"B88597 - Oracle Database Exadata Cloud Service - Half Rack - X5 - Hosted Environment Per Hour","Dec 29, 2021","Dec 28, 2022","GBP",2.1083, ,"HSTD ENVIRONMENT PER HOUR"
"B88598 - Oracle Database Exadata Cloud Service - Full Rack - X5 - Hosted Environment Per Hour","Dec 29, 2021","Dec 28, 2022","GBP",4.2167, ,"HSTD ENVIRONMENT PER HOUR"
"B88599 - Oracle Database Exadata Cloud Service - Additional OCPU's - OCPU Per Hour","Dec 29, 2021","Dec 28, 2022","GBP",0.0240, ,"OCPU PER HOUR"
"B88600 - Oracle Database Exadata Cloud Service - Quarter Rack - X6 - Hosted Environment Per Hour","Dec 29, 2021","Dec 28, 2022","GBP",0.9104, ,"HSTD ENVIRONMENT PER HOUR"
"B88601 - Oracle Database Exadata Cloud Service - Half Rack - X6 - Hosted Environment Per Hour","Dec 29, 2021","Dec 28, 2022","GBP",1.8208, ,"HSTD ENVIRONMENT PER HOUR"
"B88602 - Oracle Database Exadata Cloud Service - Full Rack - X6 - Hosted Environment Per Hour","Dec 29, 2021","Dec 28, 2022","GBP",3.6417, ,"HSTD ENVIRONMENT PER HOUR"
"B88603 - Oracle Big Data Cloud Service - Starter Pack - 3 Nodes - Hosted Environment Per Hour","Dec 29, 2021","Dec 28, 2022","GBP",0.2760, ,"HSTD ENVIRONMENT PER HOUR"
"B88604 - Oracle Big Data Cloud Service - Additional Nodes - Hosted Node Per Hour","Dec 29, 2021","Dec 28, 2022","GBP",0.0920, ,"HOSTED NODE PER HOUR"
"B88605 - Oracle Big Data Cloud Service - Additional OCPU's - OCPU Per Hour","Dec 29, 2021","Dec 28, 2022","GBP",0.0023, ,"OCPU PER HOUR"
"B88650 - Oracle Apiary Cloud Service - Standard - User Per Month","Dec 29, 2021","Dec 28, 2022","GBP",0.0753, ,"USER PER MONTH"
"B88651 - Oracle Apiary Cloud Service - Professional - User Per Month","Dec 29, 2021","Dec 28, 2022","GBP",0.2282, ,"USER PER MONTH"
"B88844 - Oracle Java Cloud Service - Standard - BYOL - OCPU Per Hour","Dec 29, 2021","Dec 28, 2022","GBP",0.0028, ,"OCPU PER HOUR"
"B88845 - Oracle Cloud Infrastructure - Database All Editions - Dense I/O - BYOL - Hosted Environment Per Hour","Dec 29, 2021","Dec 28, 2022","GBP",0.0573, ,"HSTD ENVIRONMENT PER HOUR"
"B88846 - Oracle Cloud Infrastructure - Database All Editions - Additional Capacity - BYOL - OCPU Per Hour","Dec 29, 2021","Dec 28, 2022","GBP",0.0028, ,"OCPU PER HOUR"
"B88847 - Oracle Cloud Infrastructure - Database Exadata OCPU - BYOL - OCPU Per Hour","Dec 29, 2021","Dec 28, 2022","GBP",0.0046, ,"OCPU PER HOUR"
"B88854 - Oracle Cloud Infrastructure - Database Exadata Full Rack - X6 - BYOL - Hosted Environment Per Hour","Dec 29, 2021","Dec 28, 2022","GBP",1.9381, ,"HSTD ENVIRONMENT PER HOUR"
"B88855 - Oracle Cloud Infrastructure - Database Exadata Half Rack - X6 - BYOL - Hosted Environment Per Hour","Dec 29, 2021","Dec 28, 2022","GBP",0.9691, ,"HSTD ENVIRONMENT PER HOUR"
"B88856 - Oracle Cloud Infrastructure - Database Exadata Quarter Rack - X6 - BYOL - Hosted Environment Per Hour","Dec 29, 2021","Dec 28, 2022","GBP",0.4845, ,"HSTD ENVIRONMENT PER HOUR"
"B88857 - Oracle Database Exadata Cloud Service - Half Rack - X6 - BYOL - Hosted Environment Per Hour","Dec 29, 2021","Dec 28, 2022","GBP",0.9691, ,"HSTD ENVIRONMENT PER HOUR"
"B88858 - Oracle Database Exadata Cloud Service - Quarter Rack - X6 - BYOL - Hosted Environment Per Hour","Dec 29, 2021","Dec 28, 2022","GBP",0.4845, ,"HSTD ENVIRONMENT PER HOUR"
"B88887 - Oracle Blockchain Platform Cloud Service - 500 Transactions Per Hour","Dec 29, 2021","Dec 28, 2022","GBP",0.0057, ,"500 TRANSACTIONS PER HOUR"
"B88890 - Oracle Database Exadata Cloud Service - Quarter Rack - X5 - BYOL - Hosted Environment Per Hour","Dec 29, 2021","Dec 28, 2022","GBP",0.3611, ,"HSTD ENVIRONMENT PER HOUR"
"B88891 - Oracle Database Exadata Cloud Service - Half Rack - X5 - BYOL - Hosted Environment Per Hour","Dec 29, 2021","Dec 28, 2022","GBP",1.0243, ,"HSTD ENVIRONMENT PER HOUR"
"B88892 - Oracle Database Exadata Cloud Service - Full Rack - X5 - BYOL - Hosted Environment Per Hour","Dec 29, 2021","Dec 28, 2022","GBP",2.0485, ,"HSTD ENVIRONMENT PER HOUR"
"B88896 - Oracle Container Pipelines Cloud Service - User Per Month","Dec 29, 2021","Dec 28, 2022","GBP",2.4955, ,"USER PER MONTH"
"B88899 - Oracle Cloud Infrastructure - Dedicated Compute Classic - Model 250 - Hosted Environment Per Hour","Dec 29, 2021","Dec 28, 2022","GBP",6.0605, ,"HSTD ENVIRONMENT PER HOUR"
"B89039 - Oracle Autonomous Data Warehouse - BYOL - OCPU Per Hour","Dec 29, 2021","Dec 28, 2022","GBP",0.0046, ,"OCPU PER HOUR"
"B89040 - Oracle Autonomous Data Warehouse - OCPU Per Hour","Dec 29, 2021","Dec 28, 2022","GBP",0.0192, ,"OCPU PER HOUR"
"B89041 - Oracle Autonomous Data Warehouse - Exadata Storage - Terabyte Storage Capacity Per Month","Dec 29, 2021","Dec 28, 2022","GBP",1.6884, ,"TB STORAGE CAP PER MONTH"
"B89057 - Oracle Cloud Infrastructure - File Storage - Gigabyte Storage Capacity per Month","Dec 29, 2021","Dec 28, 2022","GBP",0.0535, ,"GB STORAGE CAP PER MO"
"B89159 - Oracle Developer Cloud Service - Additional Storage - OCI Classic - Gigabyte Storage Capacity Per Month","Dec 29, 2021","Dec 28, 2022","GBP",0.0285, ,"GB STORAGE CAP PER MO"
"B89161 - Oracle Management Cloud - Standard Edition - 100 Entities Per Hour","Dec 29, 2021","Dec 28, 2022","GBP",0.0096, ,"100 ENTITIES PER HOUR"
"B89162 - Oracle Management Cloud - Enterprise Edition - 100 Entities Per Hour","Dec 29, 2021","Dec 28, 2022","GBP",0.0192, ,"100 ENTITIES PER HOUR"
"B89163 - Oracle Management Cloud - Log Analytics Edition - 300 Gigabytes Per Hour","Dec 29, 2021","Dec 28, 2022","GBP",0.0046, ,"300 GIGABYTES PER HOUR"
"B89164 - Oracle Security Monitoring and Compliance Cloud - Configuration and Compliance Edition - 100 Entities Per Hour","Dec 29, 2021","Dec 28, 2022","GBP",0.0072, ,"100 ENTITIES PER HOUR"
"B89165 - Oracle Security Monitoring and Compliance Cloud - Security Monitoring and Analytics Edition - 300 Gigabytes Per Hour","Dec 29, 2021","Dec 28, 2022","GBP",0.0240, ,"300 GIGABYTES PER HOUR"
"B89476 - Oracle CASB for Discovery - User per Month","Dec 29, 2021","Dec 28, 2022","GBP",0.0095, ,"USER PER MONTH"
"B89480 - Oracle CASB for Data Protection - Data Loss Prevention - Monitored Service User per Hour","Dec 29, 2021","Dec 28, 2022","GBP",0.0000, ,"MONITORED SERVICE USER PH"
"B89481 - Oracle CASB for Data Protection - Data Loss Prevention - Retroactive Scan - Gigabyte Data Capacity per Hour","Dec 29, 2021","Dec 28, 2022","GBP",0.0228, ,"GB DATA CAPACITY PER HOUR"
"B89621 - Oracle Cloud Infrastructure - Database Standard Edition - Dense I/O - X7 - Hosted Environment Per Hour","Dec 29, 2021","Dec 28, 2022","GBP",0.0817, ,"HSTD ENVIRONMENT PER HOUR"
"B89622 - Oracle Cloud Infrastructure - Database Enterprise Edition - Dense I/O - X7 - Hosted Environment Per Hour","Dec 29, 2021","Dec 28, 2022","GBP",0.0879, ,"HSTD ENVIRONMENT PER HOUR"
"B89623 - Oracle Cloud Infrastructure - Database Enterprise Edition High Performance - Dense I/O - X7 - Hosted Environment Per Hour","Dec 29, 2021","Dec 28, 2022","GBP",0.1009, ,"HSTD ENVIRONMENT PER HOUR"
"B89624 - Oracle Cloud Infrastructure - Database Enterprise Edition Extreme Performance - Dense I/O - X7 - Hosted Environment Per Hour","Dec 29, 2021","Dec 28, 2022","GBP",0.1139, ,"HSTD ENVIRONMENT PER HOUR"
"B89625 - Oracle Cloud Infrastructure - Database All Editions - Dense I/O - X7 - BYOL - Hosted Environment Per Hour","Dec 29, 2021","Dec 28, 2022","GBP",0.1000, ,"HSTD ENVIRONMENT PER HOUR"
"B89630 - Oracle Analytics Cloud - Professional - OCPU Per Hour","Dec 29, 2021","Dec 28, 2022","GBP",0.0153, ,"OCPU PER HOUR"
"B89631 - Oracle Analytics Cloud - Enterprise - OCPU Per Hour","Dec 29, 2021","Dec 28, 2022","GBP",0.0307, ,"OCPU PER HOUR"
"B89632 - Oracle Analytics Cloud - Essbase - OCPU Per Hour","Dec 29, 2021","Dec 28, 2022","GBP",0.0383, ,"OCPU PER HOUR"
"B89633 - Oracle Analytics Cloud - Standard - Classic - BYOL - OCPU Per Hour","Dec 29, 2021","Dec 28, 2022","GBP",0.0028, ,"OCPU PER HOUR"
"B89634 - Oracle Analytics Cloud - Essbase - Classic - BYOL - OCPU Per Hour","Dec 29, 2021","Dec 28, 2022","GBP",0.0028, ,"OCPU PER HOUR"
"B89635 - Oracle Analytics Cloud - Enterprise - Classic - BYOL - OCPU Per Hour","Dec 29, 2021","Dec 28, 2022","GBP",0.0028, ,"OCPU PER HOUR"
"B89636 - Oracle Analytics Cloud - Professional - BYOL - OCPU Per Hour","Dec 29, 2021","Dec 28, 2022","GBP",0.0046, ,"OCPU PER HOUR"
"B89637 - Oracle Analytics Cloud - Enterprise - BYOL - OCPU Per Hour","Dec 29, 2021","Dec 28, 2022","GBP",0.0046, ,"OCPU PER HOUR"
"B89638 - Oracle Analytics Cloud - Essbase - BYOL - OCPU Per Hour","Dec 29, 2021","Dec 28, 2022","GBP",0.0046, ,"OCPU PER HOUR"
"B89639 - Oracle Integration Cloud Service - Standard - 5K Messages Per Hour","Dec 29, 2021","Dec 28, 2022","GBP",0.0092, ,"5K MESSAGES PER HOUR"
"B89640 - Oracle Integration Cloud Service - Enterprise - 5K Messages Per Hour","Dec 29, 2021","Dec 28, 2022","GBP",0.0184, ,"5K MESSAGES PER HOUR"
"B89641 - Oracle Integration Cloud Service - Standard - Classic - BYOL - OCPU Per Hour","Dec 29, 2021","Dec 28, 2022","GBP",0.0028, ,"OCPU PER HOUR"
"B89642 - Oracle Integration Cloud Service - Enterprise - Classic - BYOL - OCPU Per Hour","Dec 29, 2021","Dec 28, 2022","GBP",0.0028, ,"OCPU PER HOUR"
"B89643 - Oracle Integration Cloud Service - Standard - BYOL - 20K Messages Per Hour","Dec 29, 2021","Dec 28, 2022","GBP",0.0046, ,"20K MESSAGES PER HOUR"
"B89644 - Oracle Integration Cloud Service - Enterprise - BYOL - 20K Messages Per Hour","Dec 29, 2021","Dec 28, 2022","GBP",0.0046, ,"20K MESSAGES PER HOUR"
"B89646 - Oracle Visual Builder - OCPU Per Hour","Dec 29, 2021","Dec 28, 2022","GBP",0.0176, ,"OCPU PER HOUR"
"B89647 - Oracle Mobile Cloud Service - Enterprise - Request Per Hour","Dec 29, 2021","Dec 28, 2022","GBP",0.0001, ,"REQUEST PER HOUR"
"B89652 - Oracle API Platform Cloud Service - Gateway Per Hour","Dec 29, 2021","Dec 28, 2022","GBP",0.0153, ,"GATEWAY PER HOUR"
"B89654 - Oracle Data Integration Platform Cloud Service - Standard - Gigabyte of Data Processed Per Hour","Dec 29, 2021","Dec 28, 2022","GBP",0.0092, ,"GB DATA PROCESS PER HOUR"
"B89655 - Oracle Data Integration Platform Cloud Service - Enterprise - Gigabyte of Data Processed Per Hour","Dec 29, 2021","Dec 28, 2022","GBP",0.0184, ,"GB DATA PROCESS PER HOUR"
"B89656 - Oracle Data Integration Platform Cloud Service - Governance - Gigabyte of Data Processed Per Hour","Dec 29, 2021","Dec 28, 2022","GBP",0.0276, ,"GB DATA PROCESS PER HOUR"
"B89660 - Oracle Data Integration Platform Cloud Service - Standard - BYOL - Gigabyte of Data Processed Per Hour","Dec 29, 2021","Dec 28, 2022","GBP",0.0046, ,"GB DATA PROCESS PER HOUR"
"B89661 - Oracle Data Integration Platform Cloud Service - Enterprise - BYOL - Gigabyte of Data Processed Per Hour","Dec 29, 2021","Dec 28, 2022","GBP",0.0046, ,"GB DATA PROCESS PER HOUR"
"B89662 - Oracle Data Integration Platform Cloud Service - Governance - BYOL - Gigabyte of Data Processed Per Hour","Dec 29, 2021","Dec 28, 2022","GBP",0.0046, ,"GB DATA PROCESS PER HOUR"
"B89734 - Oracle Cloud Infrastructure - Compute - GPU Standard - V2 - GPU Per Hour","Dec 29, 2021","Dec 28, 2022","GBP",0.5258, ,"GPU PER HOUR"
"B89737 - Oracle NoSQL Database Cloud Service - Write - Write Unit Per Month","Dec 29, 2021","Dec 28, 2022","GBP",0.0018, ,"WRITE UNIT PER MONTH"
"B89738 - Oracle NoSQL Database Cloud Service - Read - Read Unit Per Month","Dec 29, 2021","Dec 28, 2022","GBP",0.0001, ,"READ UNIT PER MONTH"
"B89739 - Oracle NoSQL Database Cloud Service - Storage - Gigabyte Storage Capacity Per Month","Dec 29, 2021","Dec 28, 2022","GBP",0.0009, ,"GB STORAGE CAP PER MO"
"B89969 - Oracle Content and Experience Cloud Service - Standard - Active User Per Hour","Dec 29, 2021","Dec 28, 2022","GBP",0.0021, ,"ACTIVE USER PER HOUR"
"B89970 - Oracle Content and Experience Cloud Service - Enterprise - Active User Per Hour","Dec 29, 2021","Dec 28, 2022","GBP",0.0064, ,"ACTIVE USER PER HOUR"
"B89971 - Oracle Content and Experience Cloud Service - Visitor - Active User Per Hour","Dec 29, 2021","Dec 28, 2022","GBP",0.0001, ,"ACTIVE USER PER HOUR"
"B89980 - Oracle Database Exadata Cloud at Customer - Database OCPU - OCPU Per Hour","Dec 29, 2021","Dec 28, 2022","GBP",0.0192, ,"OCPU PER HOUR"
"B89981 - Oracle Database Exadata Cloud at Customer - Database OCPU - BYOL - OCPU Per Hour","Dec 29, 2021","Dec 28, 2022","GBP",0.0046, ,"OCPU PER HOUR"
"B89999 - Oracle Cloud Infrastructure - Database Exadata Infrastructure - Quarter Rack - X7 - Hosted Environment Per Hour","Dec 29, 2021","Dec 28, 2022","GBP",0.3067, ,"HSTD ENVIRONMENT PER HOUR"
"B90203 - Oracle Visual Builder Studio - Additional Storage - Gigabyte Storage Capacity Per Month","Dec 29, 2021","Dec 28, 2022","GBP",0.0228, ,"GB STORAGE CAP PER MO"
"B90217 - Oracle Cloud Infrastructure Ravello - Compute - Standard - OCPU Per Hour","Dec 29, 2021","Dec 28, 2022","GBP",0.0048, ,"OCPU PER HOUR"
"B90218 - Oracle Cloud Infrastructure Ravello - Compute - Enterprise - OCPU Per Hour","Dec 29, 2021","Dec 28, 2022","GBP",0.0134, ,"OCPU PER HOUR"
"B90219 - Oracle Cloud Infrastructure Ravello - Compute - Metal - OCPU Per Hour","Dec 29, 2021","Dec 28, 2022","GBP",0.0134, ,"OCPU PER HOUR"
"B90220 - Oracle Cloud Infrastructure - Ravello - Volume Storage - Gigabyte Storage Capacity Per Month","Dec 29, 2021","Dec 28, 2022","GBP",0.0182, ,"GB STORAGE CAP PER MO"
"B90221 - Oracle Cloud Infrastructure - Ravello - Library Storage - Gigabyte Storage Capacity Per Month","Dec 29, 2021","Dec 28, 2022","GBP",0.0182, ,"GB STORAGE CAP PER MO"
"B90222 - Oracle Cloud Infrastructure - Ravello - Outbound Data Transfer - Gigabyte Outbound Data Transfer Per Month","Dec 29, 2021","Dec 28, 2022","GBP",0.0227, ,"GB OUTBOUND DATA TX MO"
"B90223 - Oracle Cloud Infrastructure - Ravello - Virtual Machine IP - Virtual Machine IP Per Hour","Dec 29, 2021","Dec 28, 2022","GBP",0.0015, ,"VIRTUAL MACHINE IP PER HR"
"B90224 - Ravello Service on 3rd Party Cloud - Compute - Standard - vCPU Per Hour","Dec 29, 2021","Dec 28, 2022","GBP",0.0134, ,"VCPU PER HOUR"
"B90225 - Ravello Service on 3rd Party Cloud - Enterprise - Standard - vCPU Per Hour","Dec 29, 2021","Dec 28, 2022","GBP",0.0267, ,"VCPU PER HOUR"
"B90226 - Ravello Service on 3rd Party Cloud - Volume Storage - Gigabyte Storage Capacity Per Month","Dec 29, 2021","Dec 28, 2022","GBP",0.0182, ,"GB STORAGE CAP PER MO"
"B90228 - Ravello Service on 3rd Party Cloud - Outbound Data Transfer - Gigabyte Outbound Data Transfer Per Month","Dec 29, 2021","Dec 28, 2022","GBP",0.0227, ,"GB OUTBOUND DATA TX MO"
"B90229 - Ravello Service on 3rd Party Cloud - Virtual Machine IP - Virtual Machine IP Per Hour","Dec 29, 2021","Dec 28, 2022","GBP",0.0015, ,"VIRTUAL MACHINE IP PER HR"
"B90230 - Oracle Database Backup Cloud - Object Storage - Gigabyte Storage Capacity Per Month","Dec 29, 2021","Dec 28, 2022","GBP",0.0001, ,"GB STORAGE CAP PER MO"
"B90231 - Oracle Database Backup Cloud - Archive Storage - Gigabyte Storage Capacity Per Month","Dec 29, 2021","Dec 28, 2022","GBP",0.0000, ,"GB STORAGE CAP PER MO"
"B90260 - Oracle Digital Assistant Cloud Service - Request","Dec 29, 2021","Dec 28, 2022","GBP",0.0003, ,"REQUEST"
"B90304 - Oracle Mobile Hub Cloud Service - Request","Dec 29, 2021","Dec 28, 2022","GBP",0.0000, ,"REQUEST"
"B90323 - Oracle Cloud Infrastructure - Health Checks - Basic - Endpoints Per Month","Dec 29, 2021","Dec 28, 2022","GBP",0.0535, ,"ENDPOINTS PER MONTH"
"B90325 - Oracle Cloud Infrastructure - Health Checks - Premium - Endpoints Per Month","Dec 29, 2021","Dec 28, 2022","GBP",0.2317, ,"ENDPOINTS PER MONTH"
"B90327 - Oracle Cloud Infrastructure - DNS Traffic Management - 1,000,000 DNS Traffic Management Queries","Dec 29, 2021","Dec 28, 2022","GBP",0.7130, ,"1M DNS TRAF MGMT QUR"
"B90328 - Oracle Cloud Infrastructure - Key Management - Virtual Private Vault Per Hour","Dec 29, 2021","Dec 28, 2022","GBP",0.0531, ,"VIRTUAL PRIVATE VAULT PH"
"B90329 - Oracle Cloud Infrastructure - Web Application Firewall - Requests - 1,000,000 Incoming Requests","Dec 29, 2021","Dec 28, 2022","GBP",0.1070, ,"1M INCG REQ"
"B90330 - Oracle Cloud Infrastructure - Web Application Firewall - Good Traffic - Gigabyte Of Good Traffic","Dec 29, 2021","Dec 28, 2022","GBP",0.0267, ,"GB OF GOOD TRAF"
"B90331 - Oracle Cloud Infrastructure - Web Application Firewall - Non-OCI Endpoint - Endpoints Per Month","Dec 29, 2021","Dec 28, 2022","GBP",356.5000, ,"ENDPOINTS PER MONTH"
"B90332 - Oracle Cloud Infrastructure - Web Application Firewall - Bot Management - 1,000,000 Incoming Requests","Dec 29, 2021","Dec 28, 2022","GBP",0.7130, ,"1M INCG REQ"
"B90398 - Oracle Cloud Infrastructure - Compute - HPC - X7 - OCPU Per Hour","Dec 29, 2021","Dec 28, 2022","GBP",0.0134, ,"OCPU PER HOUR"
"B90425 - Oracle Cloud Infrastructure - Compute - Standard - E2 - OCPU Per Hour","Dec 29, 2021","Dec 28, 2022","GBP",0.0053, ,"OCPU PER HOUR"
"B90453 - Oracle Autonomous Transaction Processing - OCPU Per Hour","Dec 29, 2021","Dec 28, 2022","GBP",0.0192, ,"OCPU PER HOUR"
"B90454 - Oracle Autonomous Transaction Processing - BYOL - OCPU Per Hour","Dec 29, 2021","Dec 28, 2022","GBP",0.0046, ,"OCPU PER HOUR"
"B90455 - Oracle Autonomous Transaction Processing - Exadata Storage - Terabyte Storage Capacity Per Month","Dec 29, 2021","Dec 28, 2022","GBP",1.6884, ,"TB STORAGE CAP PER MONTH"
"B90555 - Oracle Identity Cloud Service - Enterprise User - User Per Month","Dec 29, 2021","Dec 28, 2022","GBP",0.0456, ,"USER PER MONTH"
"B90556 - Oracle Identity Cloud Service - Consumer User - User Per Month","Dec 29, 2021","Dec 28, 2022","GBP",0.0002, ,"USER PER MONTH"
"B90557 - Oracle Identity Cloud Service - Enterprise User - BYOL - User Per Month","Dec 29, 2021","Dec 28, 2022","GBP",0.0114, ,"USER PER MONTH"
"B90558 - Oracle Identity Cloud Service - Consumer User - BYOL - User Per Month","Dec 29, 2021","Dec 28, 2022","GBP",0.0001, ,"USER PER MONTH"
"B90569 - Oracle Cloud Infrastructure - Database Cloud Service - Standard Edition - OCPU Per Hour","Dec 29, 2021","Dec 28, 2022","GBP",0.0031, ,"OCPU PER HOUR"
"B90570 - Oracle Cloud Infrastructure - Database Cloud Service - Enterprise Edition - OCPU Per Hour","Dec 29, 2021","Dec 28, 2022","GBP",0.0061, ,"OCPU PER HOUR"
"B90571 - Oracle Cloud Infrastructure - Database Cloud Service - Enterprise Edition High Performance - OCPU Per Hour","Dec 29, 2021","Dec 28, 2022","GBP",0.0127, ,"OCPU PER HOUR"
"B90572 - Oracle Cloud Infrastructure - Database Cloud Service - Enterprise Edition Extreme Performance - OCPU Per Hour","Dec 29, 2021","Dec 28, 2022","GBP",0.0192, ,"OCPU PER HOUR"
"B90573 - Oracle Cloud Infrastructure - Database Cloud Service - All Editions - BYOL - OCPU Per Hour","Dec 29, 2021","Dec 28, 2022","GBP",0.0028, ,"OCPU PER HOUR"
"B90777 - Oracle Cloud Infrastructure - Database Exadata Infrastructure - Base System - Hosted Environment Per Hour","Dec 29, 2021","Dec 28, 2022","GBP",0.1533, ,"HSTD ENVIRONMENT PER HOUR"
"B90938 - Oracle Cloud Infrastructure - Streaming - PUT or GET - Gigabytes of Data Transferred","Dec 29, 2021","Dec 28, 2022","GBP",0.0045, ,"GB OF DATA TRANSFERRED"
"B90939 - Oracle Cloud Infrastructure - Streaming - Storage - Gigabyte Per Hour","Dec 29, 2021","Dec 28, 2022","GBP",0.0000, ,"GB PR HR"
"B91119 - Oracle Cloud Infrastructure - Compute - Bare Metal Standard - B1 - OCPU Per Hour","Dec 29, 2021","Dec 28, 2022","GBP",0.0114, ,"OCPU PER HOUR"
"B91120 - Oracle Cloud Infrastructure - Compute - Virtual Machine Standard - B1 - OCPU Per Hour","Dec 29, 2021","Dec 28, 2022","GBP",0.0114, ,"OCPU PER HOUR"
"B91121 - Oracle Cloud SQL - Compute Capacity - OCPU Per Hour","Dec 29, 2021","Dec 28, 2022","GBP",0.0015, ,"OCPU PER HOUR"
"B91128 - Oracle Big Data Service - Compute - Standard - OCPU Per Hour","Dec 29, 2021","Dec 28, 2022","GBP",0.0019, ,"OCPU PER HOUR"
"B91129 - Oracle Big Data Service - Compute - Dense I/O - OCPU Per Hour","Dec 29, 2021","Dec 28, 2022","GBP",0.0031, ,"OCPU PER HOUR"
"B91130 - Oracle Big Data Service - Compute - HPC - OCPU Per Hour","Dec 29, 2021","Dec 28, 2022","GBP",0.0022, ,"OCPU PER HOUR"
"B91211 - Oracle Content Management - Outbound Data Transfer - Gigabyte Outbound Data Transfer Per Month","Dec 29, 2021","Dec 28, 2022","GBP",0.0006, ,"GB OUTBOUND DATA TX MO"
"B91346 - Oracle WebLogic Server Enterprise Edition for Oracle Cloud Infrastructure - OCPU Per Hour","Dec 29, 2021","Dec 28, 2022","GBP",0.0037, ,"OCPU PER HOUR"
"B91347 - Oracle WebLogic Suite for Oracle Cloud Infrastructure - OCPU Per Hour","Dec 29, 2021","Dec 28, 2022","GBP",0.0103, ,"OCPU PER HOUR"
"B91372 - Oracle Cloud Infrastructure - Compute - Microsoft SQL Enterprise - OCPU Per Hour","Dec 29, 2021","Dec 28, 2022","GBP",0.2620, ,"OCPU PER HOUR"
"B91373 - Oracle Cloud Infrastructure - Compute - Microsoft SQL Standard - OCPU Per Hour","Dec 29, 2021","Dec 28, 2022","GBP",0.0660, ,"OCPU PER HOUR"
"B91631 - Oracle Cloud Infrastructure - Data Safe for Database Cloud Service - Audit Record Collection Over 1 Million Records - 10,000 Audit Records Per Target Per Month","Dec 29, 2021","Dec 28, 2022","GBP",0.0014, ,"10K AUD REC PR TGT PR MO"
"B91961 - Oracle Cloud Infrastructure - Block Volume Storage - Gigabyte Storage Capacity Per Month","Dec 29, 2021","Dec 28, 2022","GBP",0.0045, ,"GB STORAGE CAP PER MO"
"B91962 - Oracle Cloud Infrastructure - Block Volume Performance - Performance Units Per Gigabyte Per Month","Dec 29, 2021","Dec 28, 2022","GBP",0.0003, ,"PERF UN PR GB PR MO"
"B92023 - MySQL HeatWave - Standard - E3 - Node Per Hour","Dec 29, 2021","Dec 28, 2022","GBP",0.0050, ,"NODE PR HR"
"B92024 - MySQL Database for HeatWave - Standard - E3 - Node Per Hour","Dec 29, 2021","Dec 28, 2022","GBP",0.0050, ,"NODE PR HR"
"B92072 - Oracle Cloud Infrastructure - API Gateway - 1,000,000 API Calls - 1,000,000 API Calls Per Month","Dec 29, 2021","Dec 28, 2022","GBP",0.5347, ,"1M API CALLS PER MONTH"
"B92181 - Oracle Autonomous Transaction Processing - Dedicated - OCPU Per Hour","Dec 29, 2021","Dec 28, 2022","GBP",0.0192, ,"OCPU PER HOUR"
"B92182 - Oracle Autonomous Data Warehouse - Dedicated - OCPU Per Hour","Dec 29, 2021","Dec 28, 2022","GBP",0.0192, ,"OCPU PER HOUR"
"B92183 - Oracle Autonomous Transaction Processing - Dedicated - BYOL - OCPU Per Hour","Dec 29, 2021","Dec 28, 2022","GBP",0.0046, ,"OCPU PER HOUR"
"B92184 - Oracle Autonomous Data Warehouse - Dedicated - BYOL - OCPU Per Hour","Dec 29, 2021","Dec 28, 2022","GBP",0.0046, ,"OCPU PER HOUR"
"B92212 - Oracle Autonomous JSON Database - OCPU Per Hour","Dec 29, 2021","Dec 28, 2022","GBP",0.0046, ,"OCPU PER HOUR"
"B92217 - Oracle Content Management - Advanced Video Management - 250 Video Assets Per Month","Dec 29, 2021","Dec 28, 2022","GBP",3.4224, ,"250 VID AST PR MO"
"B92302 - Oracle Cloud Infrastructure - Blockchain Platform Cloud Service - Standard - OCPU Per Hour","Dec 29, 2021","Dec 28, 2022","GBP",0.0031, ,"OCPU PER HOUR"
"B92303 - Oracle Cloud Infrastructure - Blockchain Platform Cloud Service - Enterprise - OCPU Per Hour","Dec 29, 2021","Dec 28, 2022","GBP",0.0061, ,"OCPU PER HOUR"
"B92304 - Oracle Cloud Infrastructure - Blockchain Platform Cloud Service - Storage - Terabyte Storage Capacity Per Month","Dec 29, 2021","Dec 28, 2022","GBP",1.0039, ,"TB STORAGE CAP PER MONTH"
"B92305 - Oracle Cloud Infrastructure - Blockchain Platform Cloud Service - Enterprise - BYOL - OCPU Per Hour","Dec 29, 2021","Dec 28, 2022","GBP",0.0046, ,"OCPU PER HOUR"
"B92306 - Oracle Cloud Infrastructure - Compute - Standard - E3 - OCPU - OCPU Per Hour","Dec 29, 2021","Dec 28, 2022","GBP",0.0045, ,"OCPU PER HOUR"
"B92307 - Oracle Cloud Infrastructure - Compute - Standard - E3 - Memory - Gigabyte Per Hour","Dec 29, 2021","Dec 28, 2022","GBP",0.0003, ,"GB PR HR"
"B92335 - Essbase for Oracle Cloud Infrastructure - OCPU Per Hour","Dec 29, 2021","Dec 28, 2022","GBP",0.0187, ,"OCPU PER HOUR"
"B92380 - Oracle Cloud Infrastructure - Database Exadata Infrastructure - Quarter Rack - X8M - Hosted Environment Per Hour","Dec 29, 2021","Dec 28, 2022","GBP",0.2070, ,"HSTD ENVIRONMENT PER HOUR"
"B92381 - Oracle Cloud Infrastructure - Database Exadata Infrastructure - Database Server - X8M - Hosted Environment Per Hour","Dec 29, 2021","Dec 28, 2022","GBP",0.0414, ,"HSTD ENVIRONMENT PER HOUR"
"B92382 - Oracle Cloud Infrastructure - Database Exadata Infrastructure - Storage Server - X8M - Hosted Environment Per Hour","Dec 29, 2021","Dec 28, 2022","GBP",0.0414, ,"HSTD ENVIRONMENT PER HOUR"
"B92425 - MySQL Database - Standard - E2 - OCPU Per Hour","Dec 29, 2021","Dec 28, 2022","GBP",0.0007, ,"OCPU PER HOUR"
"B92426 - MySQL Database - Storage - Gigabyte Storage Capacity per Month","Dec 29, 2021","Dec 28, 2022","GBP",0.0006, ,"GB STORAGE CAP PER MO"
"B92450 - Oracle SOA Suite for Oracle Cloud Infrastructure - OCPU Per Hour","Dec 29, 2021","Dec 28, 2022","GBP",0.0103, ,"OCPU PER HOUR"
"B92451 - Oracle SOA Suite for Oracle Cloud Infrastructure - with B2B Adapter for EDI - OCPU Per Hour","Dec 29, 2021","Dec 28, 2022","GBP",0.0172, ,"OCPU PER HOUR"
"B92483 - MySQL Database - Backup Storage - Gigabyte Storage Capacity per Month","Dec 29, 2021","Dec 28, 2022","GBP",0.0006, ,"GB STORAGE CAP PER MO"
"B92598 - Oracle Cloud Infrastructure - Data Integration - Workspace - Workspace Usage per Hour","Dec 29, 2021","Dec 28, 2022","GBP",0.0023, ,"WKSP USG PR HR"
"B92599 - Oracle Cloud Infrastructure - Data Integration - Gigabyte of Data Processed per Hour","Dec 29, 2021","Dec 28, 2022","GBP",0.0006, ,"GB DATA PROCESS PER HOUR"
"B92601 - Oracle Cloud Infrastructure - Load Balancer Base - Load Balancer Hour","Dec 29, 2021","Dec 28, 2022","GBP",0.0020, ,"LOAD BALANCER HOUR"
"B92602 - Oracle Cloud Infrastructure - Load Balancer Bandwidth - Mbps Per Hour","Dec 29, 2021","Dec 28, 2022","GBP",0.0000, ,"MBPS PR HR"
"B92682 - Oracle Analytics - Professional - User Per Month","Dec 29, 2021","Dec 28, 2022","GBP",0.2282, ,"USER PER MONTH"
"B92683 - Oracle Analytics - Enterprise - User Per Month","Dec 29, 2021","Dec 28, 2022","GBP",1.1408, ,"USER PER MONTH"
"B92695 - Oracle Stream Analytics for Oracle Cloud Infrastructure - OCPU Per Hour","Dec 29, 2021","Dec 28, 2022","GBP",0.0135, ,"OCPU PER HOUR"
"B92733 - Oracle Cloud Infrastructure - Data Safe for On-Premises Databases & Databases on Compute - Target Database Per Month","Dec 29, 2021","Dec 28, 2022","GBP",2.8520, ,"TGT DB PR MO"
"B92734 - Oracle Cloud Infrastructure - Data Safe for On-Premises Databases & Databases on Compute - 10,000 Audit Records Per Target Per Month","Dec 29, 2021","Dec 28, 2022","GBP",0.0014, ,"10K AUD REC PR TGT PR MO"
"B92740 - Oracle Cloud Infrastructure - Compute - GPU - E3 - GPU Per Hour","Dec 29, 2021","Dec 28, 2022","GBP",0.5437, ,"GPU PER HOUR"
"B92759 - MySQL Analytics - Bare Metal Standard - E2 - Node Per Hour","Dec 29, 2021","Dec 28, 2022","GBP",0.0072, ,"NODE PR HR"
"B92807 - MySQL Database - Bare Metal Standard - E2 - Node Per Hour","Dec 29, 2021","Dec 28, 2022","GBP",0.0072, ,"NODE PR HR"
"B92808 - Oracle Cloud Infrastructure Logging Analytics - Active Storage - Logging Analytics Storage Unit Per Month","Dec 29, 2021","Dec 28, 2022","GBP",0.0071, ,"LOG ANLY STG UN PR MO"
"B92809 - Oracle Cloud Infrastructure Logging Analytics - Archival Storage - Logging Analytics Storage Unit Per Hour","Dec 29, 2021","Dec 28, 2022","GBP",0.0003, ,"LOG ANLY STG UN PR HR"
"B92890 - Oracle Cloud Infrastructure Operations Insights for External Oracle Databases and Host - Host CPU Core Per Hour","Dec 29, 2021","Dec 28, 2022","GBP",0.0002, ,"HST CPU CORE PR HR"
"B92911 - Oracle APEX Application Development - OCPU Per Hour","Dec 29, 2021","Dec 28, 2022","GBP",0.0046, ,"OCPU PER HOUR"
"B92913 - Oracle WebLogic Server Enterprise Edition for Oracle Cloud Infrastructure Container Engine for Kubernetes - OCPU Per Hour","Dec 29, 2021","Dec 28, 2022","GBP",0.0037, ,"OCPU PER HOUR"
"B92914 - Oracle WebLogic Server Suite for Oracle Cloud Infrastructure Container Engine for Kubernetes - OCPU Per Hour","Dec 29, 2021","Dec 28, 2022","GBP",0.0103, ,"OCPU PER HOUR"
"B92939 - Oracle Cloud Infrastructure Logging Analytics - Active Storage - Logging Analytics Storage Unit Per Hour","Dec 29, 2021","Dec 28, 2022","GBP",0.0071, ,"LOG ANLY STG UN PR HR"
"B92941 - Oracle Cloud Infrastructure Application Performance Monitoring Service - Tracing Data - 100,000 Events Per Hour","Dec 29, 2021","Dec 28, 2022","GBP",0.0093, ,"100K EVTS PR HR"
"B92942 - Oracle Cloud Infrastructure Application Performance Monitoring Service - Synthetic Usage - 10 Monitor Runs Per Hour","Dec 29, 2021","Dec 28, 2022","GBP",0.0003, ,"10 MTR RUNS PR HR"
"B92962 - MySQL Database - Standard - E3 - OCPU Per Hour","Dec 29, 2021","Dec 28, 2022","GBP",0.0005, ,"OCPU PER HOUR"
"B92963 - MySQL Database - Standard - E3 - Memory - Gigabyte Per Hour","Dec 29, 2021","Dec 28, 2022","GBP",0.0000, ,"GB PR HR"
"B92992 - Oracle Cloud Infrastructure - GoldenGate - OCPU Per Hour","Dec 29, 2021","Dec 28, 2022","GBP",0.0192, ,"OCPU PER HOUR"
"B92993 - Oracle Cloud Infrastructure - GoldenGate - BYOL - OCPU Per Hour","Dec 29, 2021","Dec 28, 2022","GBP",0.0046, ,"OCPU PER HOUR"
"B93082 - Oracle Cloud Infrastructure - Database Management - External DB BYOL - Host CPU Core Per Hour","Dec 29, 2021","Dec 28, 2022","GBP",0.0003, ,"HST CPU CORE PR HR"
"B93083 - Oracle Cloud Infrastructure - Database Management - External DB - Host CPU Core Per Hour","Dec 29, 2021","Dec 28, 2022","GBP",0.0006, ,"HST CPU CORE PR HR"
"B93113 - Oracle Cloud Infrastructure - Compute - Standard - E4 - OCPU Per Hour","Dec 29, 2021","Dec 28, 2022","GBP",0.0045, ,"OCPU PER HOUR"
"B93114 - Oracle Cloud Infrastructure - Compute - Standard - E4 - Memory - Gigabyte Per Hour","Dec 29, 2021","Dec 28, 2022","GBP",0.0003, ,"GB PR HR"
"B93126 - Oracle Cloud Infrastructure - FastConnect 100Gbps - Port Hour","Dec 29, 2021","Dec 28, 2022","GBP",1.9162, ,"PORT HOUR"
"B93199 - Oracle Cloud Infrastructure Database Migration - Migration Hour","Dec 29, 2021","Dec 28, 2022","GBP",0.0029, ,"MIGR HR"
"B93311 - Oracle Cloud Infrastructure - Compute - Optimized - X9 - OCPU Per Hour","Dec 29, 2021","Dec 28, 2022","GBP",0.0096, ,"OCPU PER HOUR"
"B93312 - Oracle Cloud Infrastructure - Compute - Optimized - X9 - Memory - Gigabyte Per Hour","Dec 29, 2021","Dec 28, 2022","GBP",0.0003, ,"GB PR HR"
"B93426 - Oracle Cloud Infrastructure - Database Management - Cloud Databases - OCPU Per Hour","Dec 29, 2021","Dec 28, 2022","GBP",0.0006, ,"OCPU PER HOUR"
"B93493 - Oracle Cloud Infrastructure Identity and Access Management - External User - User Per Month","Dec 29, 2021","Dec 28, 2022","GBP",0.0002, ,"USER PER MONTH"
"B93494 - Oracle Cloud Infrastructure Identity and Access Management - Oracle Apps Premium - User Per Month","Dec 29, 2021","Dec 28, 2022","GBP",0.0036, ,"USER PER MONTH"
"B93495 - Oracle Cloud Infrastructure Identity and Access Management - Premium - User Per Month","Dec 29, 2021","Dec 28, 2022","GBP",0.0456, ,"USER PER MONTH"
"B93498 - Oracle Cloud Infrastructure Identity and Access Management - Replication - User Per Month","Dec 29, 2021","Dec 28, 2022","GBP",0.0001, ,"USER PER MONTH"
"B93546 - MySQL Database for HeatWave - Bare Metal Standard - E3 - Node Per Hour","Dec 29, 2021","Dec 28, 2022","GBP",0.0316, ,"NODE PR HR"
"B93555 - Oracle Big Data Service - OCPU Per Hour","Dec 29, 2021","Dec 28, 2022","GBP",0.0002, ,"OCPU PER HOUR"
"B93705 - Oracle Cloud Infrastructure Operations Insights for Warehouse - Extract - Gigabyte Per Month","Dec 29, 2021","Dec 28, 2022","GBP",0.0285, ,"GB PR MO"
"B93706 - Oracle Cloud Infrastructure Operations Insights for Warehouse - Instance - OCPU Per Hour","Dec 29, 2021","Dec 28, 2022","GBP",0.0077, ,"OCPU PER HOUR"
"B93710 - Oracle NoSQL Database Cloud - Write - Auto - Write Unit Per Month","Dec 29, 2021","Dec 28, 2022","GBP",0.0447, ,"WRITE UNIT PER MONTH"
"B93711 - Oracle NoSQL Database Cloud - Read - Auto - Read Unit Per Month","Dec 29, 2021","Dec 28, 2022","GBP",0.0023, ,"READ UNIT PER MONTH"
"B93712 - Oracle NoSQL Database Cloud - Hosted Environment - Hosted Environment Per Month","Dec 29, 2021","Dec 28, 2022","GBP",410.6310, ,"HSTD ENVIRONMENT PER MO"
"B94176 - Oracle Cloud Infrastructure - Compute - Standard - X9 - OCPU Per Hour","Dec 29, 2021","Dec 28, 2022","GBP",0.0071, ,"OCPU PER HOUR"
"B94177 - Oracle Cloud Infrastructure - Compute - Standard - X9 - Memory - Gigabyte Per Hour","Dec 29, 2021","Dec 28, 2022","GBP",0.0003, ,"GB PR HR"
